category,content_id,event_id
yard_sales,762828,6197
yard_sales,763072,6221
wellness,731892,4041
wellness,749636,5313
wellness,752342,5523
wellness,763525,6238
wellness,764166,6321
wellness,749691,5333
wellness,752341,5522
wellness,763522,6235
wellness,725964,3541
wellness,760848,6078
wellness,725962,3539
wellness,735821,4330
wellness,764000,6300
wellness,742300,4772
wellness,753480,5600
wellness,725961,3538
wellness,760958,6087
wellness,735820,4329
wellness,731827,4037
wellness,763479,6229
wellness,725960,3537
wellness,761274,6109
wellness,750153,5364
wellness,762750,6189
wellness,756598,5817
wellness,759925,6020
wellness,749911,5352
wellness,760647,6074
wellness,753403,5584
performing_arts,734991,4287
performing_arts,734990,4286
performing_arts,734989,4285
performing_arts,762562,6183
performing_arts,751146,5444
performing_arts,763524,6237
performing_arts,742327,4788
performing_arts,763744,6272
performing_arts,742322,4787
performing_arts,744531,4989
performing_arts,755873,5757
performing_arts,751142,5441
performing_arts,742321,4786
performing_arts,755341,5736
performing_arts,762852,6200
performing_arts,751141,5440
performing_arts,742320,4785
performing_arts,755339,5735
performing_arts,751140,5439
performing_arts,758055,5904
performing_arts,755338,5734
performing_arts,751139,5438
performing_arts,764051,6319
performing_arts,760639,6073
performing_arts,753803,5615
performing_arts,742317,4782
performing_arts,755336,5733
performing_arts,764039,6307
performing_arts,764038,6306
performing_arts,762850,6198
performing_arts,751137,5436
performing_arts,734988,4284
performing_arts,762855,6202
performing_arts,751455,5472
performing_arts,762561,6182
performing_arts,762559,6181
performing_arts,752194,5490
performing_arts,764047,6315
performing_arts,759686,6004
performing_arts,763059,6216
performing_arts,751136,5435
performing_arts,752192,5489
performing_arts,759636,6000
performing_arts,763964,6292
performing_arts,763963,6291
performing_arts,732816,4103
performing_arts,763751,6274
performing_arts,751610,5476
performing_arts,764037,6305
performing_arts,763962,6290
performing_arts,744266,4970
performing_arts,763959,6288
performing_arts,763956,6286
performing_arts,735352,4300
performing_arts,733249,4146
performing_arts,760983,6094
performing_arts,762736,6186
performing_arts,763719,6268
performing_arts,757364,5860
performing_arts,743353,4886
performing_arts,764042,6310
performing_arts,764049,6317
performing_arts,762475,6175
performing_arts,757662,5877
performing_arts,734985,4283
performing_arts,764040,6308
performing_arts,739851,4490
performing_arts,761266,6108
performing_arts,715570,2473
performing_arts,759416,5996
performing_arts,763805,6282
performing_arts,763971,6293
performing_arts,763784,6280
performing_arts,715568,2472
performing_arts,762220,6146
performing_arts,757359,5858
performing_arts,756584,5813
performing_arts,760864,6080
performing_arts,762118,6131
performing_arts,762458,6170
performing_arts,762110,6129
performing_arts,763077,6223
performing_arts,756578,5810
performing_arts,744516,4987
performing_arts,754689,5679
performing_arts,758024,5900
performing_arts,763031,6210
performing_arts,756583,5812
performing_arts,744260,4966
performing_arts,759913,6019
performing_arts,748982,5278
performing_arts,760225,6029
performing_arts,762756,6191
performing_arts,758902,5968
performing_arts,760938,6084
performing_arts,762262,6153
movies,764048,6316
movies,764046,6314
movies,764045,6313
movies,764044,6312
movies,763961,6289
movies,758467,5931
movies,758461,5929
movies,762461,6171
movies,760577,6061
movies,757349,5856
movies,762422,6158
movies,759064,5969
movies,762132,6133
movies,762112,6130
movies,761709,6125
movies,758462,5930
